{
  "execPath": "C:/Users/ponin/.platformio/packages/toolchain-gccarmnoneeabi/bin/arm-none-eabi-g++.exe",
  "gccDefaultCFlags": "-fsyntax-only -std=gnu11 -Os -ffunction-sections -fdata-sections -Wall -mthumb -nostdlib --param max-inline-insns-single=500 -mcpu=cortex-m3 -DPLATFORMIO=40100 -D__SAM3X8E__ -DARDUINO_ARCH_SAM -DARDUINO_SAM_DUE -DF_CPU=84000000L -DUSBCON -DARDUINO=10805 -DUSB_VID=0x2341 -DUSB_PID=0x003E -DUSB_PRODUCT=\"Arduino\\ Due\" -DUSB_MANUFACTURER=\"Arduino\"",
  "gccDefaultCppFlags": "-fsyntax-only -fno-rtti -fno-exceptions -std=gnu++11 -fno-threadsafe-statics -Os -ffunction-sections -fdata-sections -Wall -mthumb -nostdlib --param max-inline-insns-single=500 -mcpu=cortex-m3 -DPLATFORMIO=40100 -D__SAM3X8E__ -DARDUINO_ARCH_SAM -DARDUINO_SAM_DUE -DF_CPU=84000000L -DUSBCON -DARDUINO=10805 -DUSB_VID=0x2341 -DUSB_PID=0x003E -DUSB_PRODUCT=\"Arduino\\ Due\" -DUSB_MANUFACTURER=\"Arduino\"",
  "gccErrorLimit": 15,
  "gccIncludePaths": "D:/3_Priv/Projects/HiFiDuino/PlatformIO/Projects/BIII_ES9038Pro/src,D:/3_Priv/Projects/HiFiDuino/PlatformIO/Projects/BIII_ES9038Pro/lib/URTouch,D:/3_Priv/Projects/HiFiDuino/PlatformIO/Projects/BIII_ES9038Pro/lib/UTFT,D:/3_Priv/Projects/HiFiDuino/PlatformIO/Projects/BIII_ES9038Pro/lib/IRremote2,D:/3_Priv/Projects/HiFiDuino/PlatformIO/Projects/BIII_ES9038Pro/lib/extEEPROM,C:/Users/ponin/.platformio/packages/framework-arduinosam/libraries/__cores__/sam/Wire/src,C:/Users/ponin/.platformio/packages/framework-arduinosam/cores/sam,C:/Users/ponin/.platformio/packages/framework-arduinosam/system/sam/libsam,C:/Users/ponin/.platformio/packages/framework-arduinosam/system/sam/CMSIS/CMSIS/Include,C:/Users/ponin/.platformio/packages/framework-arduinosam/system/sam/CMSIS/Device/ATMEL,C:/Users/ponin/.platformio/packages/framework-arduinosam/variants/arduino_due_x,C:/Users/ponin/.platformio/packages/framework-arduinosam/libraries/__cores__/sam/HID/src,C:/Users/ponin/.platformio/packages/framework-arduinosam/libraries/__cores__/sam/SPI/src,C:/Users/ponin/.platformio/packages/toolchain-gccarmnoneeabi/arm-none-eabi/include,C:/Users/ponin/.platformio/packages/toolchain-gccarmnoneeabi/arm-none-eabi/include/c++/7.2.1,C:/Users/ponin/.platformio/packages/toolchain-gccarmnoneeabi/arm-none-eabi/include/c++/7.2.1/arm-none-eabi,C:/Users/ponin/.platformio/packages/toolchain-gccarmnoneeabi/lib/gcc/arm-none-eabi/7.2.1/include,C:/Users/ponin/.platformio/packages/toolchain-gccarmnoneeabi/lib/gcc/arm-none-eabi/7.2.1/include-fixed,C:/Users/ponin/.platformio/packages/tool-unity,D:/3_Priv/Projects/HiFiDuino/PlatformIO/Projects/BIII_ES9038Pro/include",
  "gccSuppressWarnings": false
}
